{
    "Earth": {
        "a": 149597870700,
        "period": 31558196,
        "theta0": 6.083428,
        "e": 0.01651,
        "omega": 1.826445
    },
    "Mars": {
        "a": 227939366000,
        "period": 59353338,
        "theta0": 4.409972,
        "e": 0.094038,
        "omega": 5.905817
    },
    "Ceres": {
        "a": 413690250000,
        "period": 145418675,
        "theta0": 3.279808,
        "e": 0.076,
        "omega": 1.279326
    },
    "Jupiter": {
        "a": 778412000000,
        "period": 374574609,
        "theta0": 2.476788,
        "e": 0.047715,
        "omega": 0.277014,
        "moons": ["Io", "Europa", "Ganymede", "Callisto"]
    },
    "Saturn": {
        "a": 1426725000000,
        "period": 929468034,
        "theta0": 4.669076,
        "e": 0.052217,
        "omega": 1.574779,
        "moons": ["Titan", "Iapetus"]
    },
    "Persephone": {
        "a": 5000000000000,
        "period": 1000000000,
        "theta0": 6,
        "e": 0.95,
        "omega": -6
    }
}